[{"datasetid": "vente_a_la_ferme@eurometrostrasbourg", "recordid": "ce6cb5d3a60f24cad3383b0cb64352c5dedff341", "fields": {"commune": "ACHENHEIM", "nom": "WALTER", "sig_id": "2", "genre": "Monsieur", "prenom": "Michel", "famille": "Viande", "geo_point_2d": [48.579665, 7.624885], "code_postal": "67204", "organisme": "Ferme des sureaux", "adresse": "15 rue Haute"}, "geometry": {"type": "Point", "coordinates": [7.624885, 48.579665]}, "record_timestamp": "2021-08-19T06:15:00Z"},{"datasetid": "vente_a_la_ferme@eurometrostrasbourg", "recordid": "631413aa3ca28070c530141636c59ffdcb9189e6", "fields": {"commune": "BREUSCHWICKERSHEIM", "sig_id": "4", "famille": "Fruits", "geo_point_2d": [48.580189, 7.597775], "code_postal": "67112", "organisme": "Ferme Bernhardt", "adresse": "15 rue d'Osthoffen"}, "geometry": {"type": "Point", "coordinates": [7.597775, 48.580189]}, "record_timestamp": "2021-08-19T06:15:00Z"},{"datasetid": "vente_a_la_ferme@eurometrostrasbourg", "recordid": "3e00602077923e030c72ffeedcff890c97b5f732", "fields": {"commune": "ECKWERSHEIM", "nom": "BAUER", "sig_id": "7", "genre": "Monsieur", "prenom": "Fabien", "famille": "Lait et produits laitiers", "geo_point_2d": [48.6795753213, 7.6970698677], "code_postal": "67550", "organisme": "Ferme du Bruehl", "adresse": "8 rue Albert Schweitzer"}, "geometry": {"type": "Point", "coordinates": [7.6970698677, 48.6795753213]}, "record_timestamp": "2021-08-19T06:15:00Z"},{"datasetid": "vente_a_la_ferme@eurometrostrasbourg", "recordid": "b1f5bf4ffdbbe6c2b98968613ed92fecf5c4e0df", "fields": {"commune": "ESCHAU", "nom": "HISS", "sig_id": "8", "genre": "Monsieur", "prenom": "S\u00e9bastien", "famille": "Fruits et l\u00e9gumes", "geo_point_2d": [48.4821624134, 7.71260252785], "code_postal": "67114", "organisme": "Ferme Hanfr\u00f6ste", "adresse": "100 rue de la 1\u00e8re Division Blind\u00e9e"}, "geometry": {"type": "Point", "coordinates": [7.71260252785, 48.4821624134]}, "record_timestamp": "2021-08-19T06:15:00Z"},{"datasetid": "vente_a_la_ferme@eurometrostrasbourg", "recordid": "7127a03453856b122f213a6e5bb783e90123789b", "fields": {"commune": "GEISPOLSHEIM", "sig_id": "12", "famille": "Fruits et l\u00e9gumes", "geo_point_2d": [48.510543, 7.646431], "code_postal": "67118", "organisme": "La Coccinnelle d'Alsace", "adresse": "Rue de la Chapelle - Lieu-dit Hartzengarten"}, "geometry": {"type": "Point", "coordinates": [7.646431, 48.510543]}, "record_timestamp": "2021-08-19T06:15:00Z"},{"datasetid": "vente_a_la_ferme@eurometrostrasbourg", "recordid": "fca812e63703c264085931d4517e0e667e36f915", "fields": {"commune": "GEISPOLSHEIM", "nom": "SCHWADERLE", "sig_id": "14", "genre": "Monsieur", "prenom": "Martin", "famille": "Fruits et l\u00e9gumes", "geo_point_2d": [48.5165821575, 7.64397506457], "code_postal": "67118", "organisme": "Champichoux", "adresse": "Route de Blaesheim - RD 84"}, "geometry": {"type": "Point", "coordinates": [7.64397506457, 48.5165821575]}, "record_timestamp": "2021-08-19T06:15:00Z"},{"datasetid": "vente_a_la_ferme@eurometrostrasbourg", "recordid": "5d82304206eb3a69a8d3d465376e97f3f0f90335", "fields": {"commune": "LA WANTZENAU", "nom": "VIX", "sig_id": "19", "genre": "Monsieur", "prenom": "Jean-Marc", "famille": "Fruits et l\u00e9gumes", "geo_point_2d": [48.665821093, 7.82282325041], "code_postal": "67610", "organisme": "Ferme Vix", "adresse": "1 rue Neumatt"}, "geometry": {"type": "Point", "coordinates": [7.82282325041, 48.665821093]}, "record_timestamp": "2021-08-19T06:15:00Z"},{"datasetid": "vente_a_la_ferme@eurometrostrasbourg", "recordid": "8055d12cb87cd6e3b55034404843e20eb353b2d0", "fields": {"commune": "LAMPERTHEIM", "sig_id": "21", "famille": "L\u00e9gumes", "geo_point_2d": [48.648349, 7.701561], "code_postal": "67450", "organisme": "Ferme Jenner", "adresse": "22 rue de Mundolsheim"}, "geometry": {"type": "Point", "coordinates": [7.701561, 48.648349]}, "record_timestamp": "2021-08-19T06:15:00Z"},{"datasetid": "vente_a_la_ferme@eurometrostrasbourg", "recordid": "e90141bca488bd237ff99c0815c9f220838a74d6", "fields": {"commune": "OBERSCHAEFFOLSHEIM", "nom": "MARTIN", "sig_id": "24", "genre": "Monsieur", "prenom": "Jean-Claude", "famille": "Miel", "geo_point_2d": [48.5880961951, 7.65402896338], "code_postal": "67203", "organisme": "Miel Martin", "adresse": "23 rue des M\u00e9sanges"}, "geometry": {"type": "Point", "coordinates": [7.65402896338, 48.5880961951]}, "record_timestamp": "2021-08-19T06:15:00Z"},{"datasetid": "vente_a_la_ferme@eurometrostrasbourg", "recordid": "f9bc301fd33ef3bfb988fd081e8030c36f137272", "fields": {"commune": "OBERSCHAEFFOLSHEIM", "nom": "EHRHARDT", "sig_id": "25", "genre": "Monsieur", "prenom": "Christian", "famille": "Fruits et l\u00e9gumes", "geo_point_2d": [48.5868659225, 7.65331794307], "code_postal": "67203", "organisme": "Nature et culture", "adresse": "24 rue du G\u00e9n\u00e9ral de Gaulle"}, "geometry": {"type": "Point", "coordinates": [7.65331794307, 48.5868659225]}, "record_timestamp": "2021-08-19T06:15:00Z"},{"datasetid": "vente_a_la_ferme@eurometrostrasbourg", "recordid": "acf2803ca64428b857019f82ff2712fedc68893f", "fields": {"commune": "PLOBSHEIM", "sig_id": "27", "famille": "C\u00e9r\u00e9ales", "geo_point_2d": [48.4693065722, 7.73066943729], "code_postal": "67115", "organisme": "Ferme de la Bannau", "adresse": "13 rue Saint-Paul"}, "geometry": {"type": "Point", "coordinates": [7.73066943729, 48.4693065722]}, "record_timestamp": "2021-08-19T06:15:00Z"},{"datasetid": "vente_a_la_ferme@eurometrostrasbourg", "recordid": "7f9c1c1b9c649dcb7052944dbc834131e4a7c8d3", "fields": {"commune": "REICHSTETT", "sig_id": "28", "famille": "Miel", "geo_point_2d": [48.6573975747, 7.75609655082], "code_postal": "67116", "organisme": "Apiculteurs Berger", "adresse": "300 RD 37"}, "geometry": {"type": "Point", "coordinates": [7.75609655082, 48.6573975747]}, "record_timestamp": "2021-08-19T06:15:00Z"},{"datasetid": "vente_a_la_ferme@eurometrostrasbourg", "recordid": "72bba62a345fedd937232883372eef530072adcc", "fields": {"commune": "STRASBOURG", "nom": "BURGMANN", "sig_id": "32", "genre": "Monsieur", "prenom": "Michel", "famille": "Fruits et l\u00e9gumes", "geo_point_2d": [48.5248699605, 7.76302866642], "code_postal": "67100", "organisme": "Ferme de la Ganzau", "adresse": "1 rue Welsch"}, "geometry": {"type": "Point", "coordinates": [7.76302866642, 48.5248699605]}, "record_timestamp": "2021-08-19T06:15:00Z"},{"datasetid": "vente_a_la_ferme@eurometrostrasbourg", "recordid": "280f0576c796bbf61470400d1f3a6e282ca546c4", "fields": {"commune": "BLAESHEIM", "nom": "GOOS", "sig_id": "3", "genre": "Monsieur", "prenom": "Jean-Philippe", "famille": "Fruits et l\u00e9gumes", "geo_point_2d": [48.503804505, 7.60428478213], "code_postal": "67113", "organisme": "Fruits et l\u00e9gumes Goos", "adresse": "7 rue Pasteur"}, "geometry": {"type": "Point", "coordinates": [7.60428478213, 48.503804505]}, "record_timestamp": "2021-08-19T06:15:00Z"},{"datasetid": "vente_a_la_ferme@eurometrostrasbourg", "recordid": "764ff9f6c6429d6bb35d00aa5fcccbaebd81f2d2", "fields": {"commune": "ECKWERSHEIM", "nom": "EBERSOLD", "sig_id": "6", "genre": "Monsieur", "prenom": "Marc", "famille": "Fruits et l\u00e9gumes", "geo_point_2d": [48.686187376, 7.69140148821], "code_postal": "67550", "organisme": "Au Jardin de Rapha\u00ebl", "adresse": "51 route d'Olwisheim"}, "geometry": {"type": "Point", "coordinates": [7.69140148821, 48.686187376]}, "record_timestamp": "2021-08-19T06:15:00Z"},{"datasetid": "vente_a_la_ferme@eurometrostrasbourg", "recordid": "962c0ef7ab48ce4a4a2a573840649227a663afb3", "fields": {"commune": "ESCHAU", "sig_id": "9", "famille": "Multi Produits", "geo_point_2d": [48.475858, 7.708835], "code_postal": "67114", "organisme": "Ferme du Loeb", "adresse": "9 rue de Friesenheim"}, "geometry": {"type": "Point", "coordinates": [7.708835, 48.475858]}, "record_timestamp": "2021-08-19T06:15:00Z"},{"datasetid": "vente_a_la_ferme@eurometrostrasbourg", "recordid": "333ba32ad74bac77cfee7544a2d2f517cdab400e", "fields": {"commune": "FEGERSHEIM", "nom": "ROHMER", "sig_id": "10", "genre": "Monsieur", "prenom": "Ars\u00e8ne", "famille": "Fruits et l\u00e9gumes", "geo_point_2d": [48.4926811162, 7.68201356836], "code_postal": "67640", "organisme": "Fruits et l\u00e9gumes Rohmer-Schwoob", "adresse": "61 rue de Lyon"}, "geometry": {"type": "Point", "coordinates": [7.68201356836, 48.4926811162]}, "record_timestamp": "2021-08-19T06:15:00Z"},{"datasetid": "vente_a_la_ferme@eurometrostrasbourg", "recordid": "e28746e96c82e63f0dbfa833cc8e2af0e32305ef", "fields": {"commune": "FEGERSHEIM", "sig_id": "11", "famille": "Fruits et l\u00e9gumes", "geo_point_2d": [48.49105, 7.69116], "code_postal": "67640", "organisme": "Ferme Rieffel", "adresse": "63 rue du G\u00e9n\u00e9ral De Gaulle"}, "geometry": {"type": "Point", "coordinates": [7.69116, 48.49105]}, "record_timestamp": "2021-08-19T06:15:00Z"},{"datasetid": "vente_a_la_ferme@eurometrostrasbourg", "recordid": "9ff77d21035fb6bc96c5902302b8fd922b0266c7", "fields": {"commune": "HOLTZHEIM", "nom": "SCHOETTEL", "sig_id": "15", "genre": "Madame", "prenom": "Ir\u00e8ne", "famille": "Fruits et l\u00e9gumes", "geo_point_2d": [48.5571926202, 7.64129793773], "code_postal": "67810", "organisme": "Ferme Schoettel", "adresse": "12 rue de l'Ecole"}, "geometry": {"type": "Point", "coordinates": [7.64129793773, 48.5571926202]}, "record_timestamp": "2021-08-19T06:15:00Z"},{"datasetid": "vente_a_la_ferme@eurometrostrasbourg", "recordid": "77895a08ed22851bd02430ffe287396ed70713e6", "fields": {"commune": "KOLBSHEIM", "sig_id": "17", "famille": "L\u00e9gumes", "geo_point_2d": [48.560916, 7.590536], "code_postal": "67120", "organisme": "Ferme Diemer", "adresse": "13 rue de Hangenbieten"}, "geometry": {"type": "Point", "coordinates": [7.590536, 48.560916]}, "record_timestamp": "2021-08-19T06:15:00Z"},{"datasetid": "vente_a_la_ferme@eurometrostrasbourg", "recordid": "c3f8d6d4290ea1f0e338eca573b19ea9c34884e1", "fields": {"commune": "LAMPERTHEIM", "nom": "MUHL", "sig_id": "20", "genre": "Monsieur", "prenom": "Denis", "famille": "Multi Produits", "geo_point_2d": [48.6507581618, 7.70007319528], "code_postal": "67450", "organisme": "Ferme Muhl", "adresse": "2 rue de Pfettisheim"}, "geometry": {"type": "Point", "coordinates": [7.70007319528, 48.6507581618]}, "record_timestamp": "2021-08-19T06:15:00Z"},{"datasetid": "vente_a_la_ferme@eurometrostrasbourg", "recordid": "294a594ef65b144a91658631e494789dfaf694b8", "fields": {"commune": "LINGOLSHEIM", "nom": "WURTZ", "sig_id": "22", "genre": "Monsieur", "prenom": "Jacques", "famille": "Multi Produits", "geo_point_2d": [48.5558638603, 7.68103971381], "code_postal": "67380", "organisme": "Label Ferme", "adresse": "46 rue de Molkenbronn"}, "geometry": {"type": "Point", "coordinates": [7.68103971381, 48.5558638603]}, "record_timestamp": "2021-08-19T06:15:00Z"},{"datasetid": "vente_a_la_ferme@eurometrostrasbourg", "recordid": "d49ffe4492b6fb1837613b9afb0c63ab5d0bb5a2", "fields": {"commune": "OBERHAUSBERGEN", "nom": "ROTH", "sig_id": "23", "genre": "Monsieur", "prenom": "Andr\u00e9", "famille": "L\u00e9gumes", "geo_point_2d": [48.606843, 7.68517], "code_postal": "67205", "organisme": "Ferme Roth", "adresse": "18 rue du G\u00e9n\u00e9ral de Gaulle"}, "geometry": {"type": "Point", "coordinates": [7.68517, 48.606843]}, "record_timestamp": "2021-08-19T06:15:00Z"},{"datasetid": "vente_a_la_ferme@eurometrostrasbourg", "recordid": "7803723286cc946259c6d6b6c14bb8b657fec041", "fields": {"commune": "STRASBOURG", "nom": "ANDRES", "sig_id": "31", "genre": "Monsieur", "prenom": "Jean-Pierre", "famille": "Fruits et l\u00e9gumes", "geo_point_2d": [48.5968004154, 7.79462634563], "code_postal": "67000", "organisme": "Mara\u00eecher Andres", "adresse": "15 rue de l'Afrique"}, "geometry": {"type": "Point", "coordinates": [7.79462634563, 48.5968004154]}, "record_timestamp": "2021-08-19T06:15:00Z"},{"datasetid": "vente_a_la_ferme@eurometrostrasbourg", "recordid": "c1c64d70cd21b1ab19d0eed035607fdc3edafaf5", "fields": {"commune": "STRASBOURG", "nom": "ANDNA", "sig_id": "33", "genre": "Monsieur", "prenom": "Geoffrey", "famille": "Fruits et l\u00e9gumes", "geo_point_2d": [48.5645159538, 7.74258884114], "code_postal": "67100", "organisme": "L'il\u00f4t de la Meinau", "adresse": "36 route de la f\u00e9d\u00e9ration"}, "geometry": {"type": "Point", "coordinates": [7.74258884114, 48.5645159538]}, "record_timestamp": "2021-08-19T06:15:00Z"},{"datasetid": "vente_a_la_ferme@eurometrostrasbourg", "recordid": "fc86c94d0fb984c05534f2dd8b52a7088baaf4e4", "fields": {"commune": "VENDENHEIM", "sig_id": "35", "famille": "Miel", "geo_point_2d": [48.673413, 7.70463], "code_postal": "67550", "organisme": "Le Rucher des Etoiles", "adresse": "8 rue du Ch\u00e2teau d'eau"}, "geometry": {"type": "Point", "coordinates": [7.70463, 48.673413]}, "record_timestamp": "2021-08-19T06:15:00Z"},{"datasetid": "vente_a_la_ferme@eurometrostrasbourg", "recordid": "c8bbb51bcc3c9df3ca2732ab5a44bd9cc2f50521", "fields": {"commune": "ECKWERSHEIM", "sig_id": "36", "famille": "Libre cueillette", "geo_point_2d": [48.686192, 7.691401], "code_postal": "67550", "organisme": "Au Jardin de Rapha\u00ebl", "adresse": "51 route d'Olwisheim"}, "geometry": {"type": "Point", "coordinates": [7.691401, 48.686192]}, "record_timestamp": "2021-08-19T06:15:00Z"},{"datasetid": "vente_a_la_ferme@eurometrostrasbourg", "recordid": "7310cccf28d91c000b54fba9b27c1e5bf9e5ee8e", "fields": {"commune": "VENDENHEIM", "sig_id": "37", "famille": "Libre cueillette", "geo_point_2d": [48.6742368046, 7.72707503585], "code_postal": "67550", "organisme": "Au Pays des Fraises", "adresse": "All\u00e9e du Ch\u00e2teau de Surry"}, "geometry": {"type": "Point", "coordinates": [7.72707503585, 48.6742368046]}, "record_timestamp": "2021-08-19T06:15:00Z"},{"datasetid": "vente_a_la_ferme@eurometrostrasbourg", "recordid": "6cd6242cc0ad321309b86b88536e3d16514f2614", "fields": {"commune": "ENTZHEIM", "sig_id": "38", "famille": "Libre cueillette", "geo_point_2d": [48.5299524845, 7.61998402954], "code_postal": "67960", "organisme": "Les Fraises de Christophe", "adresse": "Rue Jean Bugatti"}, "geometry": {"type": "Point", "coordinates": [7.61998402954, 48.5299524845]}, "record_timestamp": "2021-08-19T06:15:00Z"},{"datasetid": "vente_a_la_ferme@eurometrostrasbourg", "recordid": "8e5e67c0bd511780ef9f61cf2174dd0a933ad058", "fields": {"commune": "STRASBOURG", "nom": "LA NOUVELLE DOUANE", "sig_id": "40", "geo_point_2d": [48.579803061, 7.74987575158], "famille": "Magasin de producteurs", "lien": "https://www.lanouvelledouane.com/", "code_postal": "67000", "organisme": "La Nouvelle Douane", "adresse": "1 A rue du Vieux March\u00e9 aux Poissons"}, "geometry": {"type": "Point", "coordinates": [7.74987575158, 48.579803061]}, "record_timestamp": "2021-08-19T06:15:00Z"},{"datasetid": "vente_a_la_ferme@eurometrostrasbourg", "recordid": "90799762ea9ec6bd13ab62c66633546b63508c8f", "fields": {"commune": "BREUSCHWICKERSHEIM", "sig_id": "5", "famille": "L\u00e9gumes", "geo_point_2d": [48.579658, 7.606906], "code_postal": "67112", "organisme": "Ferme R\u00e9my Bernhardt", "adresse": "16 rue Principale"}, "geometry": {"type": "Point", "coordinates": [7.606906, 48.579658]}, "record_timestamp": "2021-08-19T06:15:00Z"},{"datasetid": "vente_a_la_ferme@eurometrostrasbourg", "recordid": "f20ed5041dd6a4e53d076302b847af5c81eb5c2b", "fields": {"commune": "GEISPOLSHEIM", "sig_id": "13", "famille": "Viande", "geo_point_2d": [48.5178616454, 7.63837437038], "code_postal": "67118", "organisme": "Ferme l'Oberfeld", "adresse": "Lieu-dit Ferme de l'Oberfeld"}, "geometry": {"type": "Point", "coordinates": [7.63837437038, 48.5178616454]}, "record_timestamp": "2021-08-19T06:15:00Z"},{"datasetid": "vente_a_la_ferme@eurometrostrasbourg", "recordid": "58f18cf60dafe1030ba0545fe7a7592b0d2e7fa8", "fields": {"commune": "ILLKIRCH-GRAFFENSTADEN", "nom": "SAENGER", "sig_id": "16", "genre": "Monsieur", "prenom": "Maxime", "famille": "Miel", "geo_point_2d": [48.5295988293, 7.72227500211], "code_postal": "67400", "organisme": "Le Rucher de l'Ill", "adresse": "16 A rue Vincent Scotto"}, "geometry": {"type": "Point", "coordinates": [7.72227500211, 48.5295988293]}, "record_timestamp": "2021-08-19T06:15:00Z"},{"datasetid": "vente_a_la_ferme@eurometrostrasbourg", "recordid": "cdf1a2384ca9cebe0621555675c2bfbc426717bf", "fields": {"commune": "LA WANTZENAU", "nom": "CLAUSS", "sig_id": "18", "genre": "Monsieur", "prenom": "G\u00e9rard", "famille": "Multi Produits", "geo_point_2d": [48.6553818929, 7.83176523589], "code_postal": "67610", "organisme": "Ferme Clauss", "adresse": "4 rue du G\u00e9n\u00e9ral Leclerc"}, "geometry": {"type": "Point", "coordinates": [7.83176523589, 48.6553818929]}, "record_timestamp": "2021-08-19T06:15:00Z"},{"datasetid": "vente_a_la_ferme@eurometrostrasbourg", "recordid": "e6f8c855e7053c6c95c1fca0c0d200048b8d4a39", "fields": {"commune": "OBERSCHAEFFOLSHEIM", "nom": "MEPPIEL", "sig_id": "26", "genre": "Monsieur", "famille": "L\u00e9gumes", "geo_point_2d": [48.585508, 7.648961], "code_postal": "67203", "organisme": "Ferme Meppiel", "adresse": "7 rue de la Mairie"}, "geometry": {"type": "Point", "coordinates": [7.648961, 48.585508]}, "record_timestamp": "2021-08-19T06:15:00Z"},{"datasetid": "vente_a_la_ferme@eurometrostrasbourg", "recordid": "0e652fe360ec36e24ce803e182edbdb924a7872c", "fields": {"commune": "STRASBOURG", "nom": "SCHIVY", "sig_id": "29", "genre": "Monsieur", "prenom": "Jean", "famille": "Miel", "geo_point_2d": [48.5359112055, 7.76918057113], "code_postal": "67100", "organisme": "Ferme Apicole du Neuhof", "adresse": "2 rue des Chanoines Lux"}, "geometry": {"type": "Point", "coordinates": [7.76918057113, 48.5359112055]}, "record_timestamp": "2021-08-19T06:15:00Z"},{"datasetid": "vente_a_la_ferme@eurometrostrasbourg", "recordid": "7ded95f174c6d9ca684c0066b8f00051728fb8c9", "fields": {"commune": "STRASBOURG", "nom": "RIAHI", "sig_id": "30", "genre": "Madame", "prenom": "Fatima", "famille": "Fruits et l\u00e9gumes", "geo_point_2d": [48.5789887635, 7.72238100172], "code_postal": "67200", "organisme": "Les Jardins de la Montagne Verte", "adresse": "5 avenue du Cimeti\u00e8re"}, "geometry": {"type": "Point", "coordinates": [7.72238100172, 48.5789887635]}, "record_timestamp": "2021-08-19T06:15:00Z"},{"datasetid": "vente_a_la_ferme@eurometrostrasbourg", "recordid": "4eca94777fe7ceea8e7b08e89933c935f4e8eb5e", "fields": {"commune": "STRASBOURG", "nom": "HORNECKER", "sig_id": "34", "genre": "Monsieur", "prenom": "David", "famille": "Fruits et l\u00e9gumes", "geo_point_2d": [48.5944691465, 7.78488318204], "code_postal": "67000", "organisme": "Le Jardin de Marthe", "adresse": "9 Chemin Goeb"}, "geometry": {"type": "Point", "coordinates": [7.78488318204, 48.5944691465]}, "record_timestamp": "2021-08-19T06:15:00Z"},{"datasetid": "vente_a_la_ferme@eurometrostrasbourg", "recordid": "72d45e17d8e0957dacea945431dfd11498eec436", "fields": {"commune": "OBERHAUSBERGEN", "nom": "MESSER", "sig_id": "39", "genre": "Monsieur", "prenom": "Patrick", "famille": "Magasin de producteurs", "geo_point_2d": [48.6119543665, 7.6701357283], "code_postal": "67205", "organisme": "Coop\u00e9rative HOP LA", "adresse": "196 route de Saverne"}, "geometry": {"type": "Point", "coordinates": [7.6701357283, 48.6119543665]}, "record_timestamp": "2021-08-19T06:15:00Z"}]